GROUP,PACKAGE,CLASS,INSTRUCTION_MISSED,INSTRUCTION_COVERED,BRANCH_MISSED,BRANCH_COVERED,LINE_MISSED,LINE_COVERED,COMPLEXITY_MISSED,COMPLEXITY_COVERED,METHOD_MISSED,METHOD_COVERED
Java,com.rdreams.interviewquest.athenahealth.freshers,UniqueElements,0,30,0,2,0,5,0,3,0,2
Java,com.rdreams.interviewquest.athenahealth.freshers,ArraySum,0,27,0,2,0,5,0,3,0,2
Java,com.rdreams.interviewquest.zemoso,FibnoacciSeries,0,51,0,0,0,6,0,4,0,4
Java,com.rdreams.interviewquest.zemoso,AnagramSets,0,89,0,8,0,21,0,6,0,2
Java,com.rdreams.interviewquest.zemoso,sortListOfStrings,0,51,0,2,0,10,0,4,0,3
Java,com.rdreams.onlinecourses.codingninjas.basicsofjava.controlstatements,EvenSumTillN,0,18,0,2,0,5,0,3,0,2
Java,com.rdreams.onlinecourses.codingninjas.datastructureandalgo.strings,ConvertString,0,40,0,4,0,7,0,4,0,2
Java,com.rdreams.interviewprep.vanenburg,CountCharFrequency,0,59,0,8,0,11,0,6,0,2
Java,com.rdreams.interviewquest.freshworks,LongestUniqueSubString,0,76,0,4,0,12,0,4,0,2
Java,com.rdreams.interviewquest.syncari,FindPairs,0,60,0,4,0,12,0,4,0,2
Java,com.rdreams.onlinecourses.codingninjas.datastructureandalgo.arrays,LinearSearch,0,19,0,4,0,5,0,4,0,2
Java,com.rdreams.interviewprep.freshworks,FLAMES,0,125,0,12,0,31,0,9,0,3
Java,com.rdreams.interviewquest.vanenburg,SecondLargestNumber,0,46,0,10,0,12,0,7,0,2
Java,com.rdreams.interviewquest.vanenburg,NotificationFactory,0,34,0,7,0,7,0,6,0,2
Java,com.rdreams.interviewquest.vanenburg,FindNumbers,0,103,0,8,0,19,0,8,0,4
Java,com.rdreams.interviewquest.amazon,MaxPairs,0,57,0,6,0,14,0,5,0,2
Java,com.rdreams.interviewquest.amazon,ReviewScore,0,102,0,14,0,24,0,9,0,2
Java,com.rdreams.onlinecourses.codingninjas.basicsofjava.arrays,FirstIndex,0,20,0,4,0,5,0,4,0,2
Java,com.rdreams.onlinecourses.hackerrank.interviewpreparationkit,IPKWarmup,0,206,0,28,0,46,0,19,0,5
Java,com.rdreams.onlinecourses.codingbat,Warmup,0,74,0,20,0,15,0,16,0,6
Java,com.rdreams.interviewquest.vanenburg.factorydesignpattern,SMSNotificaition,0,5,0,0,0,2,0,2,0,2
Java,com.rdreams.interviewquest.vanenburg.factorydesignpattern,EmailNotification,0,5,0,0,0,2,0,2,0,2
Java,com.rdreams.onlinecourses.codingninjas.basicsofjava.basic_io,AreaofRectangle,0,7,0,0,0,2,0,2,0,2
Java,com.rdreams.interviewquest.crayondata,MatchFile,2,123,1,13,1,19,1,9,0,3
Java,com.rdreams.interviewquest.cisco,Palindrome,0,45,0,2,0,10,0,3,0,2
Java,com.rdreams.onlinecourses.codedecode.commonquestions.compareobjects,Address,0,18,0,0,0,6,0,3,0,3
Java,com.rdreams.onlinecourses.codedecode.commonquestions.compareobjects,AddressComparator,0,9,0,0,0,2,0,2,0,2
Java,com.rdreams.onlinecourses.codedecode.commonquestions.compareobjects,NameComparator,0,9,0,0,0,2,0,2,0,2
Java,com.rdreams.onlinecourses.codedecode.commonquestions.compareobjects,AgeComparator,0,9,0,0,0,2,0,2,0,2
Java,com.rdreams.onlinecourses.codedecode.commonquestions.compareobjects,Employee,0,24,0,0,0,9,0,4,0,4
